{
    "accuracy": 0.9764,
    "precision": 0.9759283458229749,
    "recall": 0.9764,
    "f1_score": 0.9761562216198938
}